#{"t_start": 1600305970.8372085, "env_id": "HalfCheetahBulletEnv-v0"}
r,l,t
2469.621294,1000,3.524207
2409.981536,1000,7.009378
2452.323724,1000,10.551601
2467.338835,1000,14.017755
2454.672282,1000,17.49592
