#{"t_start": 1600305970.8011756, "env_id": "HalfCheetahBulletEnv-v0"}
r,l,t
2420.200486,1000,3.56024
2446.490204,1000,7.045411
2454.735229,1000,10.587634
2451.335651,1000,14.053788
2463.41546,1000,17.531953
