#{"t_start": 1601252709.2381735, "env_id": "InvertedPendulumSwingupPyBulletEnv-v0"}
r,l,t
740.641516,1000,2.548316
668.567179,1000,4.974522
587.232544,1000,7.507825
507.302215,1000,10.137214
667.822146,1000,12.527387
