#{"t_start": 1601252709.260193, "env_id": "InvertedPendulumSwingupPyBulletEnv-v0"}
r,l,t
577.001739,1000,2.526296
152.101893,1000,4.953503
700.456143,1000,7.485805
819.267041,1000,10.115195
712.824097,1000,12.505368
