#{"t_start": 1604641857.3215995, "env_id": "InvertedPendulumPyBulletEnv-v0"}
r,l,t
1000.0,1000,2.895595
1000.0,1000,5.440596
1000.0,1000,8.338144
1000.0,1000,10.934902
1000.0,1000,13.436932
