#{"t_start": 1604641857.5637937, "env_id": "InvertedPendulumPyBulletEnv-v0"}
r,l,t
1000.0,1000,2.653401
1000.0,1000,5.198402
1000.0,1000,8.09595
1000.0,1000,10.692708
1000.0,1000,13.194738
