#{"t_start": 1600821706.492417, "env_id": "InvertedPendulumSwingupPyBulletEnv-v0"}
r,l,t
832.080044,1000,2.670427
889.701208,1000,5.152189
830.712967,1000,7.643454
832.793182,1000,10.173754
835.601294,1000,12.712061
