#{"t_start": 1600821706.6305428, "env_id": "InvertedPendulumSwingupPyBulletEnv-v0"}
r,l,t
833.136277,1000,2.532302
834.633857,1000,5.014063
831.09861,1000,7.505328
837.047296,1000,10.035628
831.278577,1000,12.573936
