#{"t_start": 1603153354.1738677, "env_id": "InvertedDoublePendulumPyBulletEnv-v0"}
r,l,t
9358.887257,1000,2.371159
9358.883616,1000,4.715293
9359.123227,1000,7.065432
9358.17317,1000,9.451605
9359.113542,1000,11.805748
