#{"t_start": 1603153354.1738677, "env_id": "InvertedDoublePendulumPyBulletEnv-v0"}
r,l,t
9358.223562,1000,2.371159
9359.266054,1000,4.715293
9359.234236,1000,7.065432
9359.085344,1000,9.451605
9359.258297,1000,11.805748
