#{"t_start": 1604355430.8812342, "env_id": "SparseMountainCar-v0"}
r,l,t
10.64,104,0.372082
11.09,99,0.637714
10.82,102,0.909207
