#{"t_start": 1604355430.884164, "env_id": "SparseMountainCar-v0"}
r,l,t
10.82,102,0.364269
11.09,99,0.629902
10.28,108,0.918973
