#{"t_start": 1604355430.9281108, "env_id": "SparseMountainCar-v0"}
r,l,t
10.64,104,0.325205
10.37,107,0.611348
