#{"t_start": 1604355430.978893, "env_id": "SparseMountainCar-v0"}
r,l,t
10.64,104,0.274423
10.82,102,0.547868
