#{"t_start": 1602172413.6516597, "env_id": "InvertedPendulumSwingupPyBulletEnv-v0"}
r,l,t
839.316496,1000,2.905352
839.284541,1000,5.70328
889.490711,1000,8.486558
839.013185,1000,11.279603
890.403736,1000,14.062881
