#{"t_start": 1596471233.4152453, "env_id": "InvertedPendulumSwingupPyBulletEnv-v0"}
r,l,t
893.034835,1000,2.602365
893.047232,1000,5.12666
890.767279,1000,7.663964
892.578275,1000,10.222288
890.419683,1000,12.712551
