#{"t_start": 1596471233.4452727, "env_id": "InvertedPendulumSwingupPyBulletEnv-v0"}
r,l,t
889.675203,1000,2.572337
890.264589,1000,5.096633
892.663959,1000,7.633937
893.169984,1000,10.192261
890.176242,1000,12.682524
