#{"t_start": 1602172413.7151377, "env_id": "InvertedPendulumSwingupPyBulletEnv-v0"}
r,l,t
891.56243,1000,2.841874
890.699319,1000,5.639802
839.148106,1000,8.42308
839.265865,1000,11.217101
890.857448,1000,13.999403
