#{"t_start": 1601237118.5139878, "env_id": "InvertedPendulumSwingupPyBulletEnv-v0"}
r,l,t
631.211037,1000,2.528298
703.804711,1000,4.962511
376.40308,1000,7.43676
726.596052,1000,9.870973
389.180619,1000,12.390263
