#{"t_start": 1601237118.5460172, "env_id": "InvertedPendulumSwingupPyBulletEnv-v0"}
r,l,t
398.402822,1000,2.496269
425.186107,1000,4.930481
703.33442,1000,7.404731
260.040478,1000,9.838943
702.073367,1000,12.358233
