#{"t_start": 1603453097.6990318, "env_id": "InvertedPendulumPyBulletEnv-v0"}
r,l,t
1000.0,1000,2.34814
1000.0,1000,4.744324
1000.0,1000,7.033411
1000.0,1000,9.344517
1000.0,1000,11.687653
