#{"t_start": 1594838259.0511496, "env_id": "InvertedDoublePendulumPyBulletEnv-v0"}
r,l,t
9357.757925,1000,2.723475
9358.859873,1000,5.357868
9359.070876,1000,8.048312
9358.331578,1000,10.770786
9359.285286,1000,13.470239
