#{"t_start": 1594838259.1162086, "env_id": "InvertedDoublePendulumPyBulletEnv-v0"}
r,l,t
9358.616629,1000,2.658416
9358.239176,1000,5.292809
9359.387776,1000,7.983253
9358.858527,1000,10.705727
9358.562681,1000,13.40518
