#{"t_start": 1604672303.7958312, "env_id": "CartPole-v1"}
r,l,t
500.0,500,1.191443
500.0,500,2.414136
500.0,500,3.597766
500.0,500,4.759911
500.0,500,5.885922
