#{"t_start": 1604677001.0017765, "env_id": "CartPole-v1"}
r,l,t
500.0,500,1.235389
500.0,500,2.416089
500.0,500,3.588977
500.0,500,4.812646
500.0,500,6.115421
