#{"t_start": 1604674831.6324973, "env_id": "CartPole-v1"}
r,l,t
500.0,500,1.327189
500.0,500,2.518631
500.0,500,3.724723
500.0,500,4.970855
500.0,500,6.149601
