#{"t_start": 1604677001.0144722, "env_id": "CartPole-v1"}
r,l,t
500.0,500,1.222693
500.0,500,2.403393
500.0,500,3.576281
500.0,500,4.799951
500.0,500,6.102725
