#{"t_start": 1604674831.722344, "env_id": "CartPole-v1"}
r,l,t
500.0,500,1.237342
500.0,500,2.428784
500.0,500,3.634876
500.0,500,4.881008
500.0,500,6.059755
