#{"t_start": 1604352993.5393674, "env_id": "SparseMountainCar-v0"}
r,l,t
11.0,100,0.403333
11.81,91,0.643574
10.82,102,0.924833
