#{"t_start": 1604352993.5823376, "env_id": "SparseMountainCar-v0"}
r,l,t
10.64,104,0.371105
11.18,98,0.633809
10.82,102,0.912138
