#{"t_start": 1604352993.6448398, "env_id": "SparseMountainCar-v0"}
r,l,t
10.82,102,0.302743
11.18,98,0.565447
