#{"t_start": 1604352993.6839035, "env_id": "SparseMountainCar-v0"}
r,l,t
10.64,104,0.269539
10.46,106,0.554704
