#{"t_start": 1601242251.2612276, "env_id": "InvertedPendulumSwingupPyBulletEnv-v0"}
r,l,t
224.806654,1000,2.482256
210.969392,1000,4.924476
192.16031,1000,7.355687
730.335958,1000,9.796905
672.35359,1000,12.258143
