#{"t_start": 1601242251.288252, "env_id": "InvertedPendulumSwingupPyBulletEnv-v0"}
r,l,t
624.470764,1000,2.455232
698.303728,1000,4.897452
554.161527,1000,7.328662
314.866347,1000,9.769881
334.633856,1000,12.231119
