#{"t_start": 1603163157.8716362, "env_id": "InvertedPendulumPyBulletEnv-v0"}
r,l,t
1000.0,1000,5.774765
1000.0,1000,11.746202
1000.0,1000,17.261736
1000.0,1000,22.383399
1000.0,1000,27.807336
