#{"t_start": 1603380297.3230307, "env_id": "InvertedPendulumSwingupPyBulletEnv-v0"}
r,l,t
889.73968,1000,2.299091
889.722877,1000,4.607191
890.61742,1000,6.992361
890.21346,1000,9.379532
891.021909,1000,11.727668
