#{"t_start": 1603163157.90867, "env_id": "InvertedPendulumPyBulletEnv-v0"}
r,l,t
1000.0,1000,5.737732
1000.0,1000,11.709168
1000.0,1000,17.224702
1000.0,1000,22.346365
1000.0,1000,27.770302
