#{"t_start": 1603380297.3230307, "env_id": "InvertedPendulumSwingupPyBulletEnv-v0"}
r,l,t
891.61508,1000,2.299091
891.180478,1000,4.607191
890.137872,1000,6.992361
889.540848,1000,9.379532
891.233342,1000,11.727668
