#{"t_start": 1600867278.7755084, "env_id": "HalfCheetahBulletEnv-v0"}
r,l,t
2670.669962,1000,3.209918
2665.283933,1000,6.384804
2667.762249,1000,9.552684
2679.035784,1000,12.719563
2673.615787,1000,15.882437
