#{"t_start": 1600867278.8165457, "env_id": "HalfCheetahBulletEnv-v0"}
r,l,t
2673.538876,1000,3.168881
2692.894775,1000,6.343767
2670.666058,1000,9.511647
2657.906435,1000,12.678525
2685.367691,1000,15.8414
