#{"t_start": 1602808416.530561, "env_id": "InvertedPendulumSwingupPyBulletEnv-v0"}
r,l,t
657.855468,1000,2.366278
660.603471,1000,4.748181
890.1607,1000,7.120318
660.47284,1000,9.612576
658.761978,1000,11.969088
