#{"t_start": 1602808416.530561, "env_id": "InvertedPendulumSwingupPyBulletEnv-v0"}
r,l,t
659.411981,1000,2.366278
659.874704,1000,4.748181
659.071574,1000,7.120318
658.470189,1000,9.612576
658.002799,1000,11.969088
