#{"t_start": 1602782282.360051, "env_id": "InvertedPendulumSwingupPyBulletEnv-v0"}
r,l,t
890.004668,1000,2.672025
890.162979,1000,5.068577
890.028707,1000,7.525678
890.325328,1000,9.886096
890.741431,1000,12.332454
