#{"t_start": 1602782282.5299773, "env_id": "InvertedPendulumSwingupPyBulletEnv-v0"}
r,l,t
890.282146,1000,2.502099
887.792588,1000,4.89865
890.296693,1000,7.355752
890.14295,1000,9.71617
890.049909,1000,12.162528
