#{"t_start": 1603181554.2018275, "env_id": "InvertedPendulumPyBulletEnv-v0"}
r,l,t
1000.0,1000,2.336126
1000.0,1000,4.674255
1000.0,1000,6.979353
1000.0,1000,9.328492
1000.0,1000,11.662617
