#{"t_start": 1600809387.4355388, "env_id": "InvertedPendulumSwingupPyBulletEnv-v0"}
r,l,t
421.467754,1000,2.733484
507.170494,1000,5.432938
632.151131,1000,8.133393
630.06837,1000,10.872883
469.654086,1000,13.6349
