#{"t_start": 1600809387.5106065, "env_id": "InvertedPendulumSwingupPyBulletEnv-v0"}
r,l,t
533.309291,1000,2.658417
585.56257,1000,5.35787
480.498727,1000,8.058325
523.149813,1000,10.797815
283.549256,1000,13.559832
