#{"t_start": 1602702724.038624, "env_id": "InvertedPendulumSwingupPyBulletEnv-v0"}
r,l,t
885.442782,1000,2.362148
886.572634,1000,4.666243
889.194432,1000,6.956325
890.178645,1000,9.265424
886.369574,1000,11.63558
