#{"t_start": 1602702724.0666494, "env_id": "InvertedPendulumSwingupPyBulletEnv-v0"}
r,l,t
887.260429,1000,2.334122
891.183448,1000,4.638217
888.473309,1000,6.928299
886.920595,1000,9.237399
827.366419,1000,11.607554
