#{"t_start": 1604041550.82474, "env_id": "SparseMountainCar-v0"}
r,l,t
9.2,120,0.477435
11.99,89,0.683623
9.47,117,0.961876
