#{"t_start": 1604041550.9458504, "env_id": "SparseMountainCar-v0"}
r,l,t
9.2,120,0.356324
11.99,89,0.562512
