#{"t_start": 1604041550.9938939, "env_id": "SparseMountainCar-v0"}
r,l,t
11.18,98,0.258235
11.9,90,0.465431
9.47,117,0.743678
