#{"t_start": 1604041551.0099082, "env_id": "SparseMountainCar-v0"}
r,l,t
9.29,119,0.289264
11.63,93,0.505461
