#{"t_start": 1595363058.5971708, "env_id": "AntPyBulletEnv-v0"}
r,l,t
1069.419846,1000,3.422111
830.703675,1000,6.859236
789.622305,1000,10.265332
938.321675,1000,13.67443
1031.109075,1000,17.034485
