#{"t_start": 1595363058.6141868, "env_id": "AntPyBulletEnv-v0"}
r,l,t
776.593219,1000,3.405095
816.912106,1000,6.843221
738.889702,1000,10.248316
890.733146,1000,13.657414
948.988551,1000,17.017469
