#{"t_start": 1604055206.2685473, "env_id": "SparseMountainCar-v0"}
r,l,t
9.11,121,0.505461
9.29,119,0.797728
9.11,121,1.086991
