#{"t_start": 1604055206.308584, "env_id": "SparseMountainCar-v0"}
r,l,t
9.11,121,0.465424
9.2,120,0.759692
