#{"t_start": 1604055206.4567192, "env_id": "SparseMountainCar-v0"}
r,l,t
9.02,122,0.319291
8.84,124,0.62557
