#{"t_start": 1604055206.4647262, "env_id": "SparseMountainCar-v0"}
r,l,t
9.11,121,0.309282
9.2,120,0.60355
9.11,121,0.892814
