#{"t_start": 1602194100.486032, "env_id": "InvertedPendulumSwingupPyBulletEnv-v0"}
r,l,t
407.15668,1000,2.715894
401.211757,1000,5.39663
338.9623,1000,8.04221
363.941737,1000,10.661422
316.080784,1000,13.435911
