#{"t_start": 1602194100.5260723, "env_id": "InvertedPendulumSwingupPyBulletEnv-v0"}
r,l,t
319.738825,1000,2.675854
317.814742,1000,5.35659
365.586382,1000,8.00217
361.915629,1000,10.621382
332.424292,1000,13.395871
