#{"t_start": 1604707910.764838, "env_id": "CartPole-v1"}
r,l,t
500.0,500,1.278941
500.0,500,2.594519
500.0,500,3.86178
500.0,500,5.182209
500.0,500,6.525173
