#{"t_start": 1604707910.7628844, "env_id": "CartPole-v1"}
r,l,t
500.0,500,1.280895
500.0,500,2.596473
500.0,500,3.863733
500.0,500,5.184163
500.0,500,6.527127
