#{"t_start": 1602792786.1905546, "env_id": "InvertedPendulumSwingupPyBulletEnv-v0"}
r,l,t
887.328423,1000,2.588147
887.325388,1000,5.139192
884.045948,1000,7.690741
886.118342,1000,10.244706
883.181606,1000,12.87145
