#{"t_start": 1602792786.253563, "env_id": "InvertedPendulumSwingupPyBulletEnv-v0"}
r,l,t
246.291448,1000,2.525139
882.578994,1000,5.076184
886.308934,1000,7.627732
887.501982,1000,10.181698
882.24201,1000,12.808441
