#{"t_start": 1603458763.1645558, "env_id": "InvertedPendulumPyBulletEnv-v0"}
r,l,t
1000.0,1000,2.335128
1000.0,1000,4.686271
1000.0,1000,7.013392
1000.0,1000,9.376547
1000.0,1000,11.686652
