#{"t_start": 1603458763.171562, "env_id": "InvertedPendulumPyBulletEnv-v0"}
r,l,t
1000.0,1000,2.328122
1000.0,1000,4.679265
1000.0,1000,7.006386
1000.0,1000,9.369541
1000.0,1000,11.679646
