#{"t_start": 1595524823.2474413, "env_id": "ThrowerPyBulletEnv-v0"}
r,l,t
-331.89958,100,1.425295
-249.075792,100,2.802547
-171.556525,100,4.13676
-143.145713,100,5.48899
-104.86927,100,6.840218
