#{"t_start": 1595524823.2484424, "env_id": "ThrowerPyBulletEnv-v0"}
r,l,t
-120.333778,100,1.424294
-127.403521,100,2.801546
-103.03791,100,4.135759
-144.842755,100,5.487988
-106.503953,100,6.838216
