#{"t_start": 1603464761.8482413, "env_id": "InvertedPendulumPyBulletEnv-v0"}
r,l,t
1000.0,1000,2.518295
1000.0,1000,5.005562
1000.0,1000,7.532867
1000.0,1000,9.990106
1000.0,1000,12.449348
