#{"t_start": 1603450275.9590423, "env_id": "InvertedDoublePendulumPyBulletEnv-v0"}
r,l,t
9356.608222,1000,2.376166
9357.837387,1000,4.721304
9357.77069,1000,7.092464
9357.075204,1000,9.553708
9357.727657,1000,11.880829
