#{"t_start": 1603450275.9590423, "env_id": "InvertedDoublePendulumPyBulletEnv-v0"}
r,l,t
9357.576932,1000,2.376166
9356.57434,1000,4.721304
9357.911768,1000,7.092464
9357.143277,1000,9.553708
9356.674458,1000,11.880829
