#{"t_start": 1602863889.5173795, "env_id": "InvertedPendulumSwingupPyBulletEnv-v0"}
r,l,t
884.47082,1000,2.433215
885.679723,1000,4.845411
771.588004,1000,7.243594
885.231857,1000,9.65679
884.695169,1000,12.06198
