#{"t_start": 1602863889.5464056, "env_id": "InvertedPendulumSwingupPyBulletEnv-v0"}
r,l,t
885.922174,1000,2.404189
888.227743,1000,4.816385
886.150812,1000,7.214568
886.061017,1000,9.627764
886.051584,1000,12.032954
