#{"t_start": 1601232139.5935628, "env_id": "InvertedPendulumSwingupPyBulletEnv-v0"}
r,l,t
646.653831,1000,2.525295
409.850977,1000,4.916469
647.267349,1000,7.350682
645.101635,1000,9.809917
646.78833,1000,12.257142
