#{"t_start": 1601232139.6135814, "env_id": "InvertedPendulumSwingupPyBulletEnv-v0"}
r,l,t
648.073061,1000,2.505277
490.492669,1000,4.89645
644.025725,1000,7.330663
647.266137,1000,9.789899
61.79765,1000,12.237123
