#{"t_start": 1604722216.382691, "env_id": "CartPole-v1"}
r,l,t
500.0,500,1.2746
500.0,500,2.616983
500.0,500,3.96186
500.0,500,5.288618
500.0,500,6.642251
