#{"t_start": 1604722216.3914802, "env_id": "CartPole-v1"}
r,l,t
500.0,500,1.265811
500.0,500,2.608194
500.0,500,3.953071
500.0,500,5.279829
500.0,500,6.633462
