#{"t_start": 1604050641.6999867, "env_id": "SparseMountainCar-v0"}
r,l,t
9.56,116,0.423385
9.74,114,0.686625
9.38,118,0.974888
