#{"t_start": 1604050641.731015, "env_id": "SparseMountainCar-v0"}
r,l,t
9.29,119,0.400366
9.65,115,0.665607
9.38,118,0.952868
