#{"t_start": 1604050641.8341086, "env_id": "SparseMountainCar-v0"}
r,l,t
9.38,118,0.294268
9.65,115,0.55951
