#{"t_start": 1604050641.8481216, "env_id": "SparseMountainCar-v0"}
r,l,t
9.29,119,0.283259
8.93,123,0.566516
