#{"t_start": 1602167040.586215, "env_id": "InvertedDoublePendulumPyBulletEnv-v0"}
r,l,t
9357.488762,1000,2.744215
9357.820646,1000,5.472805
9357.975241,1000,8.183818
9354.337941,1000,10.880178
9357.445432,1000,13.528687
