#{"t_start": 1602167040.6819208, "env_id": "InvertedDoublePendulumPyBulletEnv-v0"}
r,l,t
9355.545283,1000,2.648509
9357.166158,1000,5.378076
9357.262148,1000,8.088112
9357.56327,1000,10.784472
9357.341544,1000,13.432981
