#{"t_start": 1602035324.1829321, "env_id": "InvertedDoublePendulumPyBulletEnv-v0"}
r,l,t
9357.295531,1000,2.776443
9359.479349,1000,5.45718
9359.461445,1000,8.155494
9358.630503,1000,10.857717
9359.537709,1000,13.678105
