#{"t_start": 1602035324.1467986, "env_id": "InvertedDoublePendulumPyBulletEnv-v0"}
r,l,t
9358.678907,1000,2.812577
9357.68804,1000,5.493313
9359.634989,1000,8.191628
9359.228721,1000,10.89385
9358.730274,1000,13.714239
