#{"t_start": 1602890364.1812847, "env_id": "InvertedPendulumSwingupPyBulletEnv-v0"}
r,l,t
889.079462,1000,2.687579
882.97417,1000,5.313633
888.337796,1000,7.925038
883.832116,1000,10.552068
887.260885,1000,13.171285
