#{"t_start": 1602890364.1812847, "env_id": "InvertedPendulumSwingupPyBulletEnv-v0"}
r,l,t
886.46404,1000,2.687579
884.799552,1000,5.313633
886.732233,1000,7.925038
887.729058,1000,10.552068
888.923467,1000,13.171285
