#{"t_start": 1603455942.0346165, "env_id": "InvertedDoublePendulumPyBulletEnv-v0"}
r,l,t
9354.190801,1000,2.388177
9356.459637,1000,4.701285
9358.858197,1000,7.149516
9358.004378,1000,9.458621
9357.987077,1000,11.808764
