#{"t_start": 1603455942.0596397, "env_id": "InvertedDoublePendulumPyBulletEnv-v0"}
r,l,t
9356.515795,1000,2.363154
9357.268312,1000,4.676262
9357.028609,1000,7.124493
9352.197926,1000,9.433598
9353.687883,1000,11.783741
