#{"t_start": 1596748525.7459722, "env_id": "InvertedPendulumSwingupPyBulletEnv-v0"}
r,l,t
882.89451,1000,2.480252
882.89763,1000,4.915463
879.739437,1000,7.357681
882.739203,1000,9.791891
878.515995,1000,12.216092
