#{"t_start": 1596748525.752979, "env_id": "InvertedPendulumSwingupPyBulletEnv-v0"}
r,l,t
879.253723,1000,2.473245
607.91262,1000,4.908457
882.662651,1000,7.350674
883.302129,1000,9.784884
660.411007,1000,12.209085
