#{"t_start": 1604046094.8485749, "env_id": "SparseMountainCar-v0"}
r,l,t
10.37,107,0.362329
12.35,85,0.562512
10.55,105,0.815743
