#{"t_start": 1604046094.8485749, "env_id": "SparseMountainCar-v0"}
r,l,t
11.0,100,0.346315
11.9,90,0.558509
10.82,102,0.804733
