#{"t_start": 1604046094.9286478, "env_id": "SparseMountainCar-v0"}
r,l,t
10.64,104,0.27525
11.63,93,0.49445
