#{"t_start": 1604046094.94266, "env_id": "SparseMountainCar-v0"}
r,l,t
10.82,102,0.256234
11.63,93,0.475434
