#{"t_start": 1602631065.3837063, "env_id": "InvertedPendulumSwingupPyBulletEnv-v0"}
r,l,t
891.348259,1000,2.582345
891.35531,1000,5.204727
889.895147,1000,7.815097
890.765751,1000,10.400445
889.838107,1000,12.950761
