#{"t_start": 1602631065.3847077, "env_id": "InvertedPendulumSwingupPyBulletEnv-v0"}
r,l,t
715.495862,1000,2.582345
889.689034,1000,5.204726
890.869911,1000,7.814096
891.461406,1000,10.399444
889.60437,1000,12.94976
