#{"t_start": 1604345475.1284068, "env_id": "SparseMountainCar-v0"}
r,l,t
10.37,107,0.545955
10.46,106,0.862371
