#{"t_start": 1604345475.1537986, "env_id": "SparseMountainCar-v0"}
r,l,t
10.55,105,0.514704
12.35,85,0.771547
10.82,102,1.067455
