#{"t_start": 1604345475.2808094, "env_id": "SparseMountainCar-v0"}
r,l,t
10.46,106,0.390623
12.26,86,0.650397
