#{"t_start": 1604345475.3559923, "env_id": "SparseMountainCar-v0"}
r,l,t
11.0,100,0.295911
11.9,90,0.569353
10.82,102,0.865261
