#{"t_start": 1604635605.5814533, "env_id": "InvertedPendulumPyBulletEnv-v0"}
r,l,t
1000.0,1000,2.807703
1000.0,1000,5.466964
1000.0,1000,8.039308
1000.0,1000,10.528641
1000.0,1000,13.156651
