#{"t_start": 1604635605.6918085, "env_id": "InvertedPendulumPyBulletEnv-v0"}
r,l,t
1000.0,1000,2.697348
1000.0,1000,5.356609
1000.0,1000,7.928953
1000.0,1000,10.418286
1000.0,1000,13.046296
