#{"t_start": 1603386111.3853116, "env_id": "InvertedPendulumSwingupPyBulletEnv-v0"}
r,l,t
834.525831,1000,2.524296
829.894348,1000,4.942496
887.592102,1000,7.378712
834.060254,1000,9.772889
889.94751,1000,12.210107
