#{"t_start": 1603386111.410334, "env_id": "InvertedPendulumSwingupPyBulletEnv-v0"}
r,l,t
833.565836,1000,2.499273
828.130654,1000,4.917473
835.001275,1000,7.35369
885.723424,1000,9.747867
835.904672,1000,12.185085
