#{"t_start": 1602787350.4958732, "env_id": "InvertedPendulumSwingupPyBulletEnv-v0"}
r,l,t
889.204552,1000,2.477609
886.127358,1000,4.929827
889.236762,1000,7.317589
889.083606,1000,9.746369
888.543388,1000,12.281597
