#{"t_start": 1602787350.4978268, "env_id": "InvertedPendulumSwingupPyBulletEnv-v0"}
r,l,t
889.374864,1000,2.475655
889.399489,1000,4.927873
886.94736,1000,7.315635
888.509541,1000,9.744415
886.689085,1000,12.279643
