#{"t_start": 1604343000.8777957, "env_id": "SparseMountainCar-v0"}
r,l,t
11.81,91,0.380871
11.81,91,0.627949
10.64,104,0.900418
