#{"t_start": 1604343000.8758426, "env_id": "SparseMountainCar-v0"}
r,l,t
10.1,110,0.43556
10.46,106,0.715843
