#{"t_start": 1604343000.9676423, "env_id": "SparseMountainCar-v0"}
r,l,t
10.46,106,0.333017
12.26,86,0.565447
10.82,102,0.831079
