#{"t_start": 1604343001.0037763, "env_id": "SparseMountainCar-v0"}
r,l,t
10.46,106,0.296883
12.17,87,0.531266
