#{"t_start": 1604037013.604601, "env_id": "SparseMountainCar-v0"}
r,l,t
10.01,111,0.491447
10.37,107,0.745679
