#{"t_start": 1604037013.688677, "env_id": "SparseMountainCar-v0"}
r,l,t
10.46,106,0.391357
12.35,85,0.598546
10.73,103,0.838764
