#{"t_start": 1604037013.784765, "env_id": "SparseMountainCar-v0"}
r,l,t
10.37,107,0.299272
12.26,86,0.506462
