#{"t_start": 1604037013.8087866, "env_id": "SparseMountainCar-v0"}
r,l,t
10.91,101,0.254232
11.9,90,0.478436
10.73,103,0.718655
