#{"t_start": 1595469326.2553108, "env_id": "AntPyBulletEnv-v0"}
r,l,t
1987.248586,1000,3.894922
1000.598383,1000,7.810024
1911.820372,1000,11.805626
1894.460054,1000,15.687356
1847.867257,1000,19.327615
