#{"t_start": 1595469326.2603152, "env_id": "AntPyBulletEnv-v0"}
r,l,t
1874.647518,1000,3.889917
1910.015069,1000,7.80502
1835.757688,1000,11.800622
1865.488355,1000,15.682351
1994.3322,1000,19.32261
