#{"t_start": 1594413878.1608024, "env_id": "InvertedDoublePendulumPyBulletEnv-v0"}
r,l,t
9353.899311,1000,2.614375
9356.272932,1000,5.102637
9356.124713,1000,7.599905
9356.043031,1000,10.19126
9355.862747,1000,12.75559
