#{"t_start": 1594413878.2508843, "env_id": "InvertedDoublePendulumPyBulletEnv-v0"}
r,l,t
9353.122941,1000,2.524293
9354.83246,1000,5.012555
9356.422818,1000,7.509824
9356.141421,1000,10.101178
9355.520152,1000,12.665508
