#{"t_start": 1600637955.6675005, "env_id": "InvertedPendulumSwingupPyBulletEnv-v0"}
r,l,t
779.269403,1000,2.521292
779.108381,1000,4.943493
889.504626,1000,7.345677
890.798573,1000,9.817924
888.816449,1000,12.232119
