#{"t_start": 1600637955.717546, "env_id": "InvertedPendulumSwingupPyBulletEnv-v0"}
r,l,t
888.133089,1000,2.471246
888.601652,1000,4.893448
890.908704,1000,7.295632
779.094973,1000,9.767879
888.494168,1000,12.182074
