#{"t_start": 1603461605.9717553, "env_id": "InvertedDoublePendulumPyBulletEnv-v0"}
r,l,t
9355.967956,1000,2.35614
9356.726357,1000,4.776345
9355.859527,1000,7.179536
9355.924467,1000,9.556704
9355.21047,1000,11.889829
