#{"t_start": 1603461605.9707465, "env_id": "InvertedDoublePendulumPyBulletEnv-v0"}
r,l,t
9355.651334,1000,2.357148
9355.940713,1000,4.777354
9358.13285,1000,7.180545
9357.903386,1000,9.557713
9356.960831,1000,11.890838
