#{"t_start": 1600802710.198669, "env_id": "InvertedPendulumSwingupPyBulletEnv-v0"}
r,l,t
727.017637,1000,2.89463
727.533699,1000,5.654139
640.122549,1000,8.440672
766.420001,1000,11.205692
685.722549,1000,13.969204
