#{"t_start": 1600802710.237704, "env_id": "InvertedPendulumSwingupPyBulletEnv-v0"}
r,l,t
884.460741,1000,2.855595
878.992803,1000,5.615104
720.335213,1000,8.401637
785.397339,1000,11.166657
881.094902,1000,13.930169
