#{"t_start": 1596568222.5297756, "env_id": "InvertedPendulumPyBulletEnv-v0"}
r,l,t
1000.0,1000,2.677433
1000.0,1000,5.1717
1000.0,1000,7.710006
1000.0,1000,10.260324
1000.0,1000,12.85368
