#{"t_start": 1596568222.5377834, "env_id": "InvertedPendulumPyBulletEnv-v0"}
r,l,t
1000.0,1000,2.669425
1000.0,1000,5.163692
1000.0,1000,7.701998
1000.0,1000,10.251318
1000.0,1000,12.845672
