#{"t_start": 1604681645.918438, "env_id": "CartPole-v1"}
r,l,t
500.0,500,1.222693
500.0,500,2.569414
500.0,500,3.75402
500.0,500,5.010895
500.0,500,6.361522
