#{"t_start": 1603178735.1894786, "env_id": "InvertedDoublePendulumPyBulletEnv-v0"}
r,l,t
9356.274414,1000,2.386172
9356.108197,1000,4.71329
9356.668052,1000,7.044413
9356.748824,1000,9.411568
9356.351277,1000,11.781725
