#{"t_start": 1603178735.1894786, "env_id": "InvertedDoublePendulumPyBulletEnv-v0"}
r,l,t
9356.143365,1000,2.386172
9356.775754,1000,4.71329
9356.365573,1000,7.044413
9356.072683,1000,9.411568
9356.751361,1000,11.781725
