#{"t_start": 1602868970.6846468, "env_id": "InvertedPendulumSwingupPyBulletEnv-v0"}
r,l,t
880.690431,1000,2.381168
885.491701,1000,4.746321
880.613466,1000,7.154513
880.964951,1000,9.539685
881.981795,1000,11.945875
