#{"t_start": 1602868970.6866488, "env_id": "InvertedPendulumSwingupPyBulletEnv-v0"}
r,l,t
880.151487,1000,2.380167
879.946441,1000,4.744319
884.381517,1000,7.152511
882.170252,1000,9.537683
885.199586,1000,11.943873
