#{"t_start": 1604712669.3603346, "env_id": "CartPole-v1"}
r,l,t
500.0,500,1.323828
500.0,500,2.558897
500.0,500,3.800689
500.0,500,5.052757
500.0,500,6.252556
