#{"t_start": 1604712669.4286966, "env_id": "CartPole-v1"}
r,l,t
500.0,500,1.255466
500.0,500,2.490535
500.0,500,3.732327
500.0,500,4.984395
500.0,500,6.184194
