#{"t_start": 1602884833.9733005, "env_id": "InvertedPendulumSwingupPyBulletEnv-v0"}
r,l,t
835.930201,1000,2.634422
831.033639,1000,5.180851
837.100058,1000,7.736222
835.558682,1000,10.274565
893.333853,1000,12.804568
