#{"t_start": 1602884834.0050583, "env_id": "InvertedPendulumSwingupPyBulletEnv-v0"}
r,l,t
835.390627,1000,2.602664
831.802377,1000,5.149093
836.071091,1000,7.704464
831.515201,1000,10.242807
836.821778,1000,12.77281
