#{"t_start": 1603438959.2529798, "env_id": "InvertedDoublePendulumPyBulletEnv-v0"}
r,l,t
9355.537483,1000,2.387168
9356.175244,1000,4.7263
9356.360865,1000,7.034404
9356.234959,1000,9.393554
9357.313204,1000,11.776726
