#{"t_start": 1603438959.267985, "env_id": "InvertedDoublePendulumPyBulletEnv-v0"}
r,l,t
9356.830483,1000,2.372163
9356.173182,1000,4.711295
9356.228575,1000,7.019399
9351.68281,1000,9.378549
9358.033249,1000,11.761721
