#{"t_start": 1603444631.9365695, "env_id": "InvertedDoublePendulumPyBulletEnv-v0"}
r,l,t
9355.784384,1000,2.384173
9352.177138,1000,4.712295
9355.611002,1000,7.101472
9355.361326,1000,9.430595
9354.937869,1000,11.809764
