#{"t_start": 1603444631.9365695, "env_id": "InvertedDoublePendulumPyBulletEnv-v0"}
r,l,t
9354.844981,1000,2.384173
9354.349019,1000,4.712295
9354.94431,1000,7.101472
9353.462086,1000,9.430595
9355.526748,1000,11.809764
