#{"t_start": 1601256032.7480884, "env_id": "InvertedPendulumSwingupPyBulletEnv-v0"}
r,l,t
175.672182,1000,2.58535
169.072464,1000,5.005549
229.448879,1000,7.421746
319.998679,1000,9.815923
156.706778,1000,12.280163
