#{"t_start": 1601256032.8221555, "env_id": "InvertedPendulumSwingupPyBulletEnv-v0"}
r,l,t
199.76328,1000,2.511283
633.453274,1000,4.931482
700.511706,1000,7.347679
633.137769,1000,9.741856
226.301695,1000,12.206095
