#{"t_start": 1594772183.8435466, "env_id": "InvertedDoublePendulumPyBulletEnv-v0"}
r,l,t
9354.854015,1000,2.933667
9354.937822,1000,5.881348
9355.240995,1000,8.862564
9354.212716,1000,11.783169
9354.333707,1000,14.330237
