#{"t_start": 1594772183.908605, "env_id": "InvertedDoublePendulumPyBulletEnv-v0"}
r,l,t
9351.291121,1000,2.868609
9349.991505,1000,5.816289
9354.58014,1000,8.797506
9355.755601,1000,11.71811
9353.67769,1000,14.265179
