#{"t_start": 1596560669.6515124, "env_id": "InvertedPendulumPyBulletEnv-v0"}
r,l,t
1000.0,1000,2.643401
1000.0,1000,5.220744
1000.0,1000,7.861143
1000.0,1000,10.479522
1000.0,1000,13.064872
