#{"t_start": 1596560669.6945512, "env_id": "InvertedPendulumPyBulletEnv-v0"}
r,l,t
1000.0,1000,2.600363
1000.0,1000,5.177705
1000.0,1000,7.818104
1000.0,1000,10.436484
1000.0,1000,13.021833
