#{"t_start": 1602637324.3384936, "env_id": "InvertedPendulumSwingupPyBulletEnv-v0"}
r,l,t
887.328423,1000,3.085319
887.325388,1000,6.15811
884.045948,1000,9.170362
886.118342,1000,12.165102
883.181606,1000,15.175836
