#{"t_start": 1602637324.4085574, "env_id": "InvertedPendulumSwingupPyBulletEnv-v0"}
r,l,t
246.291448,1000,3.015255
882.578994,1000,6.088047
886.308934,1000,9.100298
887.501982,1000,12.095038
882.24201,1000,15.105772
