#{"t_start": 1594159662.543523, "env_id": "MountainCarContinuous-v0"}
r,l,t
94.002759,66,0.680619
94.046461,66,0.845769
