#{"t_start": 1594159662.8498018, "env_id": "MountainCarContinuous-v0"}
r,l,t
94.030475,66,0.374341
94.057973,66,0.53949
