#{"t_start": 1594159662.9148605, "env_id": "MountainCarContinuous-v0"}
r,l,t
94.08222,66,0.309282
94.084018,66,0.474432
