#{"t_start": 1594159662.9819214, "env_id": "MountainCarContinuous-v0"}
r,l,t
94.074429,66,0.242221
94.062491,66,0.407371
