#{"t_start": 1594159663.057991, "env_id": "MountainCarContinuous-v0"}
r,l,t
94.043776,66,0.166151
94.032435,66,0.331301
