#{"t_start": 1602803249.703268, "env_id": "InvertedPendulumSwingupPyBulletEnv-v0"}
r,l,t
879.943522,1000,2.415107
884.847842,1000,4.815565
882.076376,1000,7.275596
879.095147,1000,9.678008
823.583139,1000,12.076513
