#{"t_start": 1602803249.7081513, "env_id": "InvertedPendulumSwingupPyBulletEnv-v0"}
r,l,t
878.844065,1000,2.410224
886.490191,1000,4.810682
880.869998,1000,7.270713
886.160588,1000,9.673125
881.392962,1000,12.07163
