#{"t_start": 1593565165.9765031, "env_id": "HumanoidPyBulletEnv-v0"}
r,l,t
2575.553765,1000,4.537126
2540.11875,1000,8.471704
414.882783,207,9.301459
