#{"t_start": 1593565165.982508, "env_id": "HumanoidPyBulletEnv-v0"}
r,l,t
2591.528357,1000,4.531121
2592.170649,1000,8.4657
130.03679,119,8.931123
291.384946,148,9.525664
58.969636,67,9.789904
131.154617,63,10.020066
90.55942,56,10.223207
