#{"t_start": 1602176665.9130337, "env_id": "InvertedPendulumSwingupPyBulletEnv-v0"}
r,l,t
888.625658,1000,2.764723
888.606289,1000,5.470851
890.64615,1000,8.126197
889.386288,1000,10.76787
891.318473,1000,13.402707
