#{"t_start": 1596480215.5077195, "env_id": "InvertedPendulumSwingupPyBulletEnv-v0"}
r,l,t
828.106359,1000,2.577343
828.394348,1000,5.196722
889.884465,1000,7.724019
825.14073,1000,10.195264
889.326277,1000,12.706547
