#{"t_start": 1602176665.9560037, "env_id": "InvertedPendulumSwingupPyBulletEnv-v0"}
r,l,t
892.362357,1000,2.721753
891.563755,1000,5.427881
889.262161,1000,8.083227
888.402232,1000,10.7249
891.691628,1000,13.359737
