#{"t_start": 1596480215.5757816, "env_id": "InvertedPendulumSwingupPyBulletEnv-v0"}
r,l,t
888.377489,1000,2.50928
889.113015,1000,5.12866
825.742674,1000,7.655957
826.997231,1000,10.127202
888.887849,1000,12.638484
