#{"t_start": 1604703128.5789971, "env_id": "CartPole-v1"}
r,l,t
500.0,500,1.257417
500.0,500,2.599333
500.0,500,3.866047
500.0,500,5.144087
500.0,500,6.390762
