#{"t_start": 1604703128.5653245, "env_id": "CartPole-v1"}
r,l,t
500.0,500,1.27109
500.0,500,2.613005
500.0,500,3.87972
500.0,500,5.157759
500.0,500,6.404434
