#{"t_start": 1604667686.4443793, "env_id": "CartPole-v1"}
r,l,t
500.0,500,1.222693
500.0,500,2.433668
500.0,500,3.646596
500.0,500,4.841944
500.0,500,6.060731
