#{"t_start": 1604667686.445356, "env_id": "CartPole-v1"}
r,l,t
500.0,500,1.221717
500.0,500,2.432691
500.0,500,3.645619
500.0,500,4.840968
500.0,500,6.059755
