#{"t_start": 1604644967.787221, "env_id": "InvertedPendulumPyBulletEnv-v0"}
r,l,t
1000.0,1000,2.839931
1000.0,1000,5.377117
1000.0,1000,7.991454
1000.0,1000,10.536454
1000.0,1000,13.337321
