#{"t_start": 1604644967.8028467, "env_id": "InvertedPendulumPyBulletEnv-v0"}
r,l,t
1000.0,1000,2.824305
1000.0,1000,5.361491
1000.0,1000,7.975829
1000.0,1000,10.520828
1000.0,1000,13.321695
