#{"t_start": 1593470766.1917415, "env_id": "HumanoidPyBulletEnv-v0"}
r,l,t
2562.865648,1000,5.267795
2551.116858,1000,10.494553
