#{"t_start": 1593470766.13469, "env_id": "HumanoidPyBulletEnv-v0"}
r,l,t
2564.886625,1000,5.324847
2572.019009,1000,10.551605
