#{"t_start": 1593470766.1446986, "env_id": "HumanoidPyBulletEnv-v0"}
r,l,t
2555.584154,1000,5.31584
2546.466783,1000,10.541596
