#{"t_start": 1593470766.183734, "env_id": "HumanoidPyBulletEnv-v0"}
r,l,t
2553.733797,1000,5.276804
2538.246305,1000,10.502561
