#{"t_start": 1594135186.9893982, "env_id": "MountainCarContinuous-v0"}
r,l,t
96.14191,204,0.766697
94.547154,292,1.515379
