#{"t_start": 1593470766.133689, "env_id": "HumanoidPyBulletEnv-v0"}
r,l,t
86.454967,56,0.38435
2545.421743,1000,5.620116
