#{"t_start": 1593470766.1126711, "env_id": "HumanoidPyBulletEnv-v0"}
r,l,t
2550.168365,1000,5.346865
2548.698044,1000,10.573623
