#{"t_start": 1594135187.0624645, "env_id": "MountainCarContinuous-v0"}
r,l,t
96.546889,242,0.797726
96.376736,243,1.413286
