#{"t_start": 1593470766.1657176, "env_id": "HumanoidPyBulletEnv-v0"}
r,l,t
2534.169493,1000,5.294821
2564.963901,1000,10.520577
