#{"t_start": 1593470766.1677194, "env_id": "HumanoidPyBulletEnv-v0"}
r,l,t
2557.861356,1000,5.292819
2540.141855,1000,10.518575
