#{"t_start": 1603170273.2464602, "env_id": "InvertedPendulumPyBulletEnv-v0"}
r,l,t
1000.0,1000,2.400185
1000.0,1000,4.711288
1000.0,1000,7.043412
1000.0,1000,9.349511
1000.0,1000,11.677631
