#{"t_start": 1600391694.1108453, "env_id": "HalfCheetahBulletEnv-v0"}
r,l,t
2503.438416,1000,3.833119
2479.788498,1000,7.521994
2470.653102,1000,11.130792
2502.83047,1000,14.856743
2496.832047,1000,18.514839
