#{"t_start": 1600391694.2007654, "env_id": "HalfCheetahBulletEnv-v0"}
r,l,t
2500.557957,1000,3.743199
2491.793123,1000,7.432074
2471.241098,1000,11.040872
2494.426487,1000,14.766823
2498.632268,1000,18.424919
