#{"t_start": 1597097788.4059122, "env_id": "InvertedPendulumSwingupPyBulletEnv-v0"}
r,l,t
634.488737,1000,2.59936
720.876971,1000,5.11064
697.37132,1000,7.704996
441.915828,1000,10.180243
709.922556,1000,12.699531
