#{"t_start": 1597088645.0069323, "env_id": "InvertedPendulumSwingupPyBulletEnv-v0"}
r,l,t
103.534353,1000,2.626384
452.406341,1000,5.324835
272.146829,1000,7.873148
10.920637,1000,10.4635
244.698912,1000,13.009812
