#{"t_start": 1597088644.9218547, "env_id": "InvertedPendulumSwingupPyBulletEnv-v0"}
r,l,t
211.283481,1000,2.711462
192.129157,1000,5.409912
526.784675,1000,7.958226
544.556594,1000,10.548578
389.285774,1000,13.09489
