#{"t_start": 1597097788.4569583, "env_id": "InvertedPendulumSwingupPyBulletEnv-v0"}
r,l,t
661.159628,1000,2.549315
768.904225,1000,5.059594
632.23203,1000,7.65395
549.238843,1000,10.129197
280.397292,1000,12.648485
