#{"t_start": 1604717424.9131076, "env_id": "CartPole-v1"}
r,l,t
500.0,500,1.47086
500.0,500,2.804527
500.0,500,4.036592
500.0,500,5.341902
500.0,500,6.594041
