#{"t_start": 1604717424.946312, "env_id": "CartPole-v1"}
r,l,t
500.0,500,1.437656
500.0,500,2.771323
500.0,500,4.003388
500.0,500,5.308698
500.0,500,6.560837
