#{"t_start": 1603441785.5911524, "env_id": "InvertedPendulumPyBulletEnv-v0"}
r,l,t
1000.0,1000,2.397185
1000.0,1000,4.785362
1000.0,1000,7.154521
1000.0,1000,9.497657
1000.0,1000,11.800756
