#{"t_start": 1603441785.6151743, "env_id": "InvertedPendulumPyBulletEnv-v0"}
r,l,t
1000.0,1000,2.373163
1000.0,1000,4.76134
1000.0,1000,7.130499
1000.0,1000,9.473635
1000.0,1000,11.776734
