#{"t_start": 1604632467.0135205, "env_id": "InvertedPendulumPyBulletEnv-v0"}
r,l,t
1000.0,1000,2.97763
1000.0,1000,5.648609
1000.0,1000,8.325449
1000.0,1000,10.931974
1000.0,1000,13.624439
