#{"t_start": 1604632467.2566922, "env_id": "InvertedPendulumPyBulletEnv-v0"}
r,l,t
1000.0,1000,2.735435
1000.0,1000,5.405438
1000.0,1000,8.082278
1000.0,1000,10.688802
1000.0,1000,13.381267
