#{"t_start": 1604348030.334382, "env_id": "SparseMountainCar-v0"}
r,l,t
8.48,128,0.361339
12.26,86,0.588886
8.66,126,0.921904
