#{"t_start": 1604348030.334382, "env_id": "SparseMountainCar-v0"}
r,l,t
8.75,125,0.354503
12.26,86,0.58205
8.48,128,0.918974
