#{"t_start": 1604348030.334382, "env_id": "SparseMountainCar-v0"}
r,l,t
8.66,126,0.356457
11.81,91,0.596698
