#{"t_start": 1604348030.3421953, "env_id": "SparseMountainCar-v0"}
r,l,t
8.57,127,0.351573
8.66,126,0.682638
