#{"t_start": 1602697102.3181176, "env_id": "InvertedPendulumSwingupPyBulletEnv-v0"}
r,l,t
882.156978,1000,2.986221
883.636209,1000,5.821799
887.457325,1000,8.661381
830.29162,1000,11.561018
883.301889,1000,14.577266
