#{"t_start": 1602697102.315115, "env_id": "InvertedPendulumSwingupPyBulletEnv-v0"}
r,l,t
884.548631,1000,2.989224
887.029874,1000,5.824802
886.225627,1000,8.664383
884.21281,1000,11.56402
882.391013,1000,14.580269
