#{"t_start": 1604698229.1631095, "env_id": "CartPole-v1"}
r,l,t
500.0,500,1.370236
500.0,500,2.729769
500.0,500,4.014104
500.0,500,5.322341
500.0,500,6.599872
