#{"t_start": 1604698229.1670163, "env_id": "CartPole-v1"}
r,l,t
500.0,500,1.366329
500.0,500,2.725862
500.0,500,4.010197
500.0,500,5.318434
500.0,500,6.595966
