#{"t_start": 1604030273.8959143, "env_id": "SparseMountainCar-v0"}
r,l,t
0,200,3.404103
0,200,4.034678
0,200,15.435069
0,200,16.040621
0,200,16.668193
0,200,20.979122
0,200,21.589679
0,200,25.926632
0,200,26.531184
0,200,27.141739
