#{"t_start": 1604030273.8949132, "env_id": "SparseMountainCar-v0"}
r,l,t
0,200,3.405104
0,200,4.035679
0,200,15.43607
0,200,16.041622
0,200,16.669194
0,200,20.980123
0,200,21.59068
0,200,25.927633
0,200,26.533185
0,200,27.14274
