#{"t_start": 1604030273.9519653, "env_id": "SparseMountainCar-v0"}
r,l,t
0,200,3.348052
0,200,3.978627
0,200,15.379018
0,200,15.98457
0,200,16.612142
0,200,20.923071
0,200,21.533628
0,200,25.870581
0,200,26.476133
0,200,27.085688
