#{"t_start": 1603167451.703904, "env_id": "InvertedDoublePendulumPyBulletEnv-v0"}
r,l,t
2457.289736,263,0.661602
2093.08572,224,1.224115
2083.719658,223,1.776618
2158.758865,231,2.344134
2392.525499,256,2.980714
