#{"t_start": 1603167451.703904, "env_id": "InvertedDoublePendulumPyBulletEnv-v0"}
r,l,t
1793.304253,192,0.493449
2439.47313,261,1.138036
2345.434749,251,1.762605
2588.183217,277,2.442223
2120.74876,227,3.011742
