#{"t_start": 1597885349.2865646, "env_id": "AntPyBulletEnv-v0"}
r,l,t
1712.712611,1000,3.606281
1752.431754,1000,7.056419
1733.560381,1000,10.536585
1797.835176,1000,14.009744
