#{"t_start": 1597885349.3916602, "env_id": "AntPyBulletEnv-v0"}
r,l,t
1794.069097,1000,3.501186
1583.114885,1000,6.951324
1750.315581,1000,10.431489
1749.390928,1000,13.904649
