#{"t_start": 1597885349.3906596, "env_id": "AntPyBulletEnv-v0"}
r,l,t
1676.231152,1000,3.502186
1752.485787,1000,6.952324
1785.737922,1000,10.43249
1628.374142,1000,13.905649
