#{"t_start": 1602108614.9493313, "env_id": "InvertedDoublePendulumPyBulletEnv-v0"}
r,l,t
9359.637271,1000,2.691478
9358.834161,1000,5.35366
9359.72186,1000,7.99045
9358.790474,1000,10.648726
9359.839604,1000,13.344111
