#{"t_start": 1602108614.956167, "env_id": "InvertedDoublePendulumPyBulletEnv-v0"}
r,l,t
9358.360166,1000,2.684643
9359.792855,1000,5.346824
9359.720481,1000,7.983615
9359.17837,1000,10.64189
9359.684024,1000,13.337275
