#{"t_start": 1602874296.324196, "env_id": "InvertedPendulumSwingupPyBulletEnv-v0"}
r,l,t
888.15711,1000,2.54832
888.055114,1000,5.044592
889.581081,1000,7.552381
889.444125,1000,10.14274
889.788577,1000,12.68105
