#{"t_start": 1602277101.9463124, "env_id": "InvertedPendulumSwingupPyBulletEnv-v0"}
r,l,t
886.904205,1000,2.649486
886.877781,1000,5.246236
888.675494,1000,7.917207
887.79043,1000,10.660445
889.407307,1000,13.314815
