#{"t_start": 1602874296.324196, "env_id": "InvertedPendulumSwingupPyBulletEnv-v0"}
r,l,t
890.25318,1000,2.54832
890.05891,1000,5.044592
889.343185,1000,7.552381
887.79731,1000,10.14274
890.16516,1000,12.68105
