#{"t_start": 1602277101.9736571, "env_id": "InvertedPendulumSwingupPyBulletEnv-v0"}
r,l,t
890.358078,1000,2.622142
889.664267,1000,5.218891
887.630808,1000,7.889862
886.604661,1000,10.633101
889.783917,1000,13.28747
