#{"t_start": 1602718763.9474268, "env_id": "InvertedPendulumSwingupPyBulletEnv-v0"}
r,l,t
881.691844,1000,2.558666
883.411108,1000,5.102683
691.121611,1000,7.645723
885.572838,1000,10.047158
883.175885,1000,12.490587
