#{"t_start": 1602718763.9640288, "env_id": "InvertedPendulumSwingupPyBulletEnv-v0"}
r,l,t
884.277396,1000,2.542064
887.677045,1000,5.086081
884.77803,1000,7.629121
883.843026,1000,10.030556
881.460334,1000,12.473985
