#{"t_start": 1601247337.9160638, "env_id": "InvertedPendulumSwingupPyBulletEnv-v0"}
r,l,t
545.460154,1000,2.610372
185.482345,1000,5.107643
355.178685,1000,7.600909
643.650763,1000,10.031118
703.241078,1000,12.44231
