#{"t_start": 1601247338.0221598, "env_id": "InvertedPendulumSwingupPyBulletEnv-v0"}
r,l,t
447.434205,1000,2.504276
227.522564,1000,5.001547
314.119185,1000,7.494813
703.25018,1000,9.925022
116.55143,1000,12.336214
