#{"t_start": 1604638714.5034084, "env_id": "InvertedPendulumPyBulletEnv-v0"}
r,l,t
1000.0,1000,2.936613
1000.0,1000,5.46208
1000.0,1000,8.068605
1000.0,1000,10.710287
1000.0,1000,13.322671
