#{"t_start": 1604638714.8432624, "env_id": "InvertedPendulumPyBulletEnv-v0"}
r,l,t
1000.0,1000,2.596759
1000.0,1000,5.122226
1000.0,1000,7.728751
1000.0,1000,10.370433
1000.0,1000,12.982817
