#{"t_start": 1597788719.9326465, "env_id": "AntPyBulletEnv-v0"}
r,l,t
1626.648424,1000,3.53422
1577.084478,1000,6.991369
1601.63157,1000,10.439511
1570.451966,1000,13.864631
