#{"t_start": 1597788719.9836931, "env_id": "AntPyBulletEnv-v0"}
r,l,t
1629.603031,1000,3.483173
1603.364476,1000,6.940323
1579.460365,1000,10.388465
1617.962804,1000,13.813584
