#{"t_start": 1597788720.0127199, "env_id": "AntPyBulletEnv-v0"}
r,l,t
1536.221549,1000,3.454147
1620.339882,1000,6.911296
1605.448297,1000,10.360439
1615.015212,1000,13.784558
