#{"t_start": 1602180883.6061275, "env_id": "InvertedPendulumSwingupPyBulletEnv-v0"}
r,l,t
889.73968,1000,2.757887
889.722877,1000,5.384912
890.61742,1000,7.998264
890.21346,1000,10.648726
891.021909,1000,13.310908
