#{"t_start": 1602180883.6422627, "env_id": "InvertedPendulumSwingupPyBulletEnv-v0"}
r,l,t
891.61508,1000,2.721752
891.180478,1000,5.348777
890.137872,1000,7.962129
889.540848,1000,10.612591
891.233342,1000,13.274772
