#{"t_start": 1603467725.6552882, "env_id": "InvertedDoublePendulumPyBulletEnv-v0"}
r,l,t
9352.918729,1000,2.430215
9352.016425,1000,4.975536
9352.365614,1000,7.435778
9355.054027,1000,9.953073
9350.934323,1000,12.445344
