#{"t_start": 1603467725.6552882, "env_id": "InvertedDoublePendulumPyBulletEnv-v0"}
r,l,t
9347.937761,1000,2.430215
9353.244384,1000,4.975536
9353.269744,1000,7.435778
9342.242684,1000,9.953073
9353.4297,1000,12.445344
