#{"t_start": 1602708288.494163, "env_id": "InvertedPendulumSwingupPyBulletEnv-v0"}
r,l,t
884.338526,1000,2.763513
881.905898,1000,5.403913
888.739205,1000,8.093358
889.751562,1000,10.729756
883.70969,1000,13.475758
