#{"t_start": 1602708288.5592222, "env_id": "InvertedPendulumSwingupPyBulletEnv-v0"}
r,l,t
886.056384,1000,2.698454
890.752704,1000,5.338854
887.984708,1000,8.028299
885.132295,1000,10.664696
884.325984,1000,13.410699
