#{"t_start": 1603383172.7171454, "env_id": "InvertedPendulumSwingupPyBulletEnv-v0"}
r,l,t
891.312016,1000,2.496271
890.48554,1000,4.963516
829.944247,1000,7.369704
775.249442,1000,9.847958
890.615591,1000,12.278169
