#{"t_start": 1603170273.3025117, "env_id": "InvertedPendulumPyBulletEnv-v0"}
r,l,t
1000.0,1000,2.344133
1000.0,1000,4.655237
1000.0,1000,6.98736
1000.0,1000,9.29346
1000.0,1000,11.621579
