#{"t_start": 1603383172.7571816, "env_id": "InvertedPendulumSwingupPyBulletEnv-v0"}
r,l,t
831.524244,1000,2.456234
776.947295,1000,4.92348
830.542765,1000,7.329668
890.288309,1000,9.807922
891.500655,1000,12.238133
