#{"t_start": 1603470680.6307473, "env_id": "InvertedPendulumPyBulletEnv-v0"}
r,l,t
1000.0,1000,2.539315
1000.0,1000,4.974535
1000.0,1000,7.439782
1000.0,1000,9.861989
1000.0,1000,12.315225
