#{"t_start": 1603470680.6317484, "env_id": "InvertedPendulumPyBulletEnv-v0"}
r,l,t
1000.0,1000,2.538313
1000.0,1000,4.973533
1000.0,1000,7.438781
1000.0,1000,9.861989
1000.0,1000,12.314224
