#{"t_start": 1604030286.7646444, "env_id": "SparseMountainCar-v0"}
r,l,t
0,200,0.671612
0,200,1.150048
0,200,1.612469
