#{"t_start": 1604030286.8837528, "env_id": "SparseMountainCar-v0"}
r,l,t
0,200,0.552503
0,200,1.030939
0,200,1.493361
