#{"t_start": 1604030286.9548175, "env_id": "SparseMountainCar-v0"}
r,l,t
0,200,0.481439
0,200,0.959875
0,200,1.422296
