#{"t_start": 1604648070.9241006, "env_id": "InvertedPendulumPyBulletEnv-v0"}
r,l,t
1000.0,1000,2.67098
1000.0,1000,5.465987
1000.0,1000,7.901608
1000.0,1000,10.496413
1000.0,1000,13.050203
