#{"t_start": 1604648071.0813322, "env_id": "InvertedPendulumPyBulletEnv-v0"}
r,l,t
1000.0,1000,2.513748
1000.0,1000,5.308755
1000.0,1000,7.744377
1000.0,1000,10.339182
1000.0,1000,12.892971
