#{"t_start": 1596920449.8724859, "env_id": "InvertedPendulumSwingupPyBulletEnv-v0"}
r,l,t
702.662024,1000,2.384208
703.137377,1000,4.728057
632.450796,1000,7.04977
761.340776,1000,9.424862
674.679874,1000,11.77783
