#{"t_start": 1596920449.9193678, "env_id": "InvertedPendulumSwingupPyBulletEnv-v0"}
r,l,t
877.9632,1000,2.337327
873.687417,1000,4.681175
626.688275,1000,7.002888
762.455823,1000,9.37798
874.773164,1000,11.730948
