#{"t_start": 1603377451.312375, "env_id": "InvertedPendulumSwingupPyBulletEnv-v0"}
r,l,t
888.038869,1000,2.360147
890.885373,1000,4.756327
888.021239,1000,7.126483
888.191231,1000,9.553691
888.916589,1000,12.00492
