#{"t_start": 1603377451.312375, "env_id": "InvertedPendulumSwingupPyBulletEnv-v0"}
r,l,t
888.015614,1000,2.360147
887.993771,1000,4.756327
835.110335,1000,7.126483
888.942751,1000,9.553691
833.642384,1000,12.00492
