#{"t_start": 1602879410.3373332, "env_id": "InvertedPendulumSwingupPyBulletEnv-v0"}
r,l,t
888.732039,1000,3.036917
887.338659,1000,6.011368
827.24864,1000,8.895898
829.590208,1000,11.859574
887.712397,1000,14.83196
