#{"t_start": 1602879410.4008117, "env_id": "InvertedPendulumSwingupPyBulletEnv-v0"}
r,l,t
886.21346,1000,2.973439
774.789707,1000,5.94789
826.42059,1000,8.83242
886.917517,1000,11.796095
889.078596,1000,14.768482
