#{"t_start": 1604663038.7279627, "env_id": "CartPole-v1"}
r,l,t
500.0,500,1.215858
500.0,500,2.538163
500.0,500,3.707144
500.0,500,4.878079
500.0,500,6.075381
