#{"t_start": 1604663038.713314, "env_id": "CartPole-v1"}
r,l,t
500.0,500,1.230506
500.0,500,2.552812
500.0,500,3.721793
500.0,500,4.892728
500.0,500,6.090029
