#{"t_start": 1603447445.0657098, "env_id": "InvertedPendulumPyBulletEnv-v0"}
r,l,t
1000.0,1000,2.411198
1000.0,1000,4.74032
1000.0,1000,7.092465
1000.0,1000,9.388558
1000.0,1000,11.710674
