#{"t_start": 1603447445.0647094, "env_id": "InvertedPendulumPyBulletEnv-v0"}
r,l,t
1000.0,1000,2.412198
1000.0,1000,4.741321
1000.0,1000,7.093465
1000.0,1000,9.389558
1000.0,1000,11.711675
