#{"t_start": 1603173096.6753354, "env_id": "InvertedDoublePendulumPyBulletEnv-v0"}
r,l,t
9352.397916,1000,2.430212
9354.350597,1000,4.737313
9353.570475,1000,7.081446
9353.615397,1000,9.433588
9352.699776,1000,11.77472
