#{"t_start": 1603173096.714371, "env_id": "InvertedDoublePendulumPyBulletEnv-v0"}
r,l,t
9353.858544,1000,2.391176
9353.060805,1000,4.698277
9352.794145,1000,7.042411
9354.476163,1000,9.394552
9353.127956,1000,11.735684
