#{"t_start": 1603150510.9614887, "env_id": "InvertedPendulumPyBulletEnv-v0"}
r,l,t
1000.0,1000,2.364152
1000.0,1000,4.670251
1000.0,1000,6.98736
1000.0,1000,9.344506
1000.0,1000,11.716666
