#{"t_start": 1603374584.7141933, "env_id": "InvertedPendulumSwingupPyBulletEnv-v0"}
r,l,t
885.736405,1000,2.409191
888.344643,1000,4.730303
888.643803,1000,7.041405
887.964703,1000,9.429578
827.241471,1000,11.756695
