#{"t_start": 1603374584.7131927, "env_id": "InvertedPendulumSwingupPyBulletEnv-v0"}
r,l,t
887.476592,1000,2.410192
889.832862,1000,4.731303
887.445011,1000,7.042406
887.734427,1000,9.430579
888.601909,1000,11.757695
