#{"t_start": 1604686374.9877005, "env_id": "CartPole-v1"}
r,l,t
500.0,500,1.208045
500.0,500,2.400464
500.0,500,3.588
500.0,500,4.869289
500.0,500,6.076357
