#{"t_start": 1604686375.010162, "env_id": "CartPole-v1"}
r,l,t
500.0,500,1.185583
500.0,500,2.378979
500.0,500,3.565539
500.0,500,4.846828
500.0,500,6.053895
