#{"t_start": 1597865638.0866454, "env_id": "AntPyBulletEnv-v0"}
r,l,t
920.649004,1000,3.820476
905.921655,1000,7.471797
977.199987,1000,11.098095
972.351008,1000,14.755422
