#{"t_start": 1597865638.1617138, "env_id": "AntPyBulletEnv-v0"}
r,l,t
911.202705,1000,3.745407
882.764585,1000,7.396728
975.563302,1000,11.023027
898.102287,1000,14.680354
