#{"t_start": 1597865638.2217684, "env_id": "AntPyBulletEnv-v0"}
r,l,t
981.068012,1000,3.685353
974.416077,1000,7.336673
904.971972,1000,10.962972
879.472547,1000,14.620299
