#{"t_start": 1597855637.5571356, "env_id": "AntPyBulletEnv-v0"}
r,l,t
1022.913639,1000,3.610284
911.981315,1000,7.223572
922.866153,1000,10.815839
1032.702645,1000,14.398097
