#{"t_start": 1597855637.554133, "env_id": "AntPyBulletEnv-v0"}
r,l,t
924.202929,1000,3.613287
1031.945727,1000,7.226574
999.579984,1000,10.819842
916.728591,1000,14.4011
