#{"t_start": 1597855637.5591376, "env_id": "AntPyBulletEnv-v0"}
r,l,t
1025.373303,1000,3.608282
953.254194,1000,7.22157
1058.26349,1000,10.814838
1014.473519,1000,14.396095
