#{"t_start": 1602259636.5536296, "env_id": "InvertedPendulumSwingupPyBulletEnv-v0"}
r,l,t
287.536215,1000,2.60261
279.861564,1000,5.266744
269.830659,1000,7.883026
301.866785,1000,10.583295
255.762822,1000,13.220085
