#{"t_start": 1602259636.3876095, "env_id": "InvertedPendulumSwingupPyBulletEnv-v0"}
r,l,t
305.078229,1000,2.76863
272.981613,1000,5.432765
289.404279,1000,8.049046
326.217705,1000,10.749315
298.706277,1000,13.386106
