#{"t_start": 1596652072.200082, "env_id": "InvertedPendulumSwingupPyBulletEnv-v0"}
r,l,t
617.708155,1000,2.557322
445.990587,1000,5.055591
298.464024,1000,7.646944
465.629872,1000,10.199261
633.102431,1000,12.771596
