#{"t_start": 1596652072.200082, "env_id": "InvertedPendulumSwingupPyBulletEnv-v0"}
r,l,t
581.001616,1000,2.557322
581.945809,1000,5.055591
724.76363,1000,7.646944
359.366059,1000,10.199261
633.071776,1000,12.771596
