#{"t_start": 1603147635.0763643, "env_id": "InvertedDoublePendulumPyBulletEnv-v0"}
r,l,t
9357.422255,1000,2.425207
9358.512265,1000,4.89946
9357.337787,1000,7.292639
9359.003083,1000,9.693825
9359.147634,1000,12.146058
