#{"t_start": 1603147635.0763643, "env_id": "InvertedDoublePendulumPyBulletEnv-v0"}
r,l,t
9358.756033,1000,2.425207
9357.915385,1000,4.89946
9359.100483,1000,7.292639
9358.421523,1000,9.693825
9358.825472,1000,12.146058
