#{"t_start": 1603159687.7313735, "env_id": "InvertedDoublePendulumPyBulletEnv-v0"}
r,l,t
9355.646011,1000,3.135855
2542.599768,272,3.874527
2467.333975,264,4.618204
9355.500505,1000,7.647469
9355.699716,1000,10.7573
