#{"t_start": 1603159687.7303727, "env_id": "InvertedDoublePendulumPyBulletEnv-v0"}
r,l,t
2167.768633,232,0.753686
2813.583584,301,1.687536
9355.323769,1000,4.607194
9356.19708,1000,7.636459
2663.873007,285,8.522265
