#{"t_start": 1603156507.981968, "env_id": "InvertedPendulumPyBulletEnv-v0"}
r,l,t
1000.0,1000,2.488265
1000.0,1000,4.947504
1000.0,1000,7.530362
1000.0,1000,10.039646
1000.0,1000,12.498885
