#{"t_start": 1596735800.045161, "env_id": "InvertedPendulumSwingupPyBulletEnv-v0"}
r,l,t
682.911022,1000,2.50027
678.14443,1000,4.937483
888.137486,1000,7.428745
888.267924,1000,9.892982
214.229388,1000,12.353216
