#{"t_start": 1596735800.0861983, "env_id": "InvertedPendulumSwingupPyBulletEnv-v0"}
r,l,t
746.48413,1000,2.459233
-73.600282,1000,4.896446
888.153714,1000,7.387708
480.233042,1000,9.851945
-248.492438,1000,12.312179
