#{"t_start": 1604032441.8339694, "env_id": "SparseMountainCar-v0"}
r,l,t
11.9,90,0.228208
11.9,90,0.436398
9.92,112,0.705643
