#{"t_start": 1604032441.8239603, "env_id": "SparseMountainCar-v0"}
r,l,t
9.56,116,0.299273
9.83,113,0.565515
