#{"t_start": 1604032441.8109486, "env_id": "SparseMountainCar-v0"}
r,l,t
9.83,113,0.304277
12.17,87,0.509464
10.19,109,0.766698
