#{"t_start": 1604032441.8529866, "env_id": "SparseMountainCar-v0"}
r,l,t
9.74,114,0.265242
12.17,87,0.469428
