#{"t_start": 1597890457.5129664, "env_id": "AntPyBulletEnv-v0"}
r,l,t
-0.793963,20,2.698965
4.804253,73,3.215434
