#{"t_start": 1597890457.6731126, "env_id": "AntPyBulletEnv-v0"}
r,l,t
70.331334,248,4.201332
