#{"t_start": 1604350543.1414394, "env_id": "SparseMountainCar-v0"}
r,l,t
10.19,109,0.52443
11.99,89,0.75686
