#{"t_start": 1604350543.2683964, "env_id": "SparseMountainCar-v0"}
r,l,t
11.0,100,0.37306
11.81,91,0.611347
10.82,102,0.878934
