#{"t_start": 1604350543.296718, "env_id": "SparseMountainCar-v0"}
r,l,t
10.37,107,0.362317
11.45,95,0.612323
10.82,102,0.880886
