#{"t_start": 1604350543.3611724, "env_id": "SparseMountainCar-v0"}
r,l,t
10.82,102,0.285165
11.54,94,0.532243
