#{"t_start": 1602691802.4773152, "env_id": "InvertedPendulumSwingupPyBulletEnv-v0"}
r,l,t
884.994497,1000,2.39818
887.009359,1000,4.670246
888.754973,1000,6.939309
889.396861,1000,9.306886
886.791214,1000,11.608791
