#{"t_start": 1602691802.4773152, "env_id": "InvertedPendulumSwingupPyBulletEnv-v0"}
r,l,t
887.748094,1000,2.39818
890.520013,1000,4.670246
888.312144,1000,6.939309
887.381285,1000,9.306886
884.621834,1000,11.608791
