#{"t_start": 1597769126.974146, "env_id": "AntPyBulletEnv-v0"}
r,l,t
1719.466904,1000,3.647323
1634.584889,1000,7.183544
1696.037139,1000,10.726773
1279.363997,1000,14.227962
