#{"t_start": 1597769127.0241914, "env_id": "AntPyBulletEnv-v0"}
r,l,t
1665.960025,1000,3.597277
1729.161724,1000,7.133499
1586.109923,1000,10.676727
1679.644669,1000,14.177917
