#{"t_start": 1597769127.0792418, "env_id": "AntPyBulletEnv-v0"}
r,l,t
1020.113477,1000,3.542227
1682.823446,1000,7.078449
724.691777,1000,10.621677
1723.960544,1000,14.122866
