#{"t_start": 1597875571.9690235, "env_id": "AntPyBulletEnv-v0"}
r,l,t
1525.970069,1000,3.625298
1597.342529,1000,7.128485
1543.067468,1000,10.632672
1629.942428,1000,14.112838
