#{"t_start": 1597875572.0921357, "env_id": "AntPyBulletEnv-v0"}
r,l,t
1583.155588,1000,3.502186
1570.593636,1000,7.005373
1550.308589,1000,10.50956
1625.5685,1000,13.989725
