#{"t_start": 1597875572.0901334, "env_id": "AntPyBulletEnv-v0"}
r,l,t
1504.576163,1000,3.504188
1553.937267,1000,7.007375
1594.560556,1000,10.511562
839.163259,1000,13.991728
