#{"t_start": 1600114501.3590848, "env_id": "InvertedPendulumSwingupPyBulletEnv-v0"}
r,l,t
833.116611,1000,2.440221
833.044382,1000,4.822388
780.801874,1000,7.269615
830.755143,1000,9.631764
682.414609,1000,12.107017
