#{"t_start": 1600114501.3580842, "env_id": "InvertedPendulumSwingupPyBulletEnv-v0"}
r,l,t
746.679648,1000,2.441221
670.120611,1000,4.823389
785.35633,1000,7.270616
823.673294,1000,9.632765
386.509323,1000,12.108017
