#{"t_start": 1602798000.5625577, "env_id": "InvertedPendulumSwingupPyBulletEnv-v0"}
r,l,t
884.338526,1000,2.578197
881.905898,1000,5.038228
888.739205,1000,7.533416
889.751562,1000,9.951452
883.70969,1000,12.421249
