#{"t_start": 1602798000.5859957, "env_id": "InvertedPendulumSwingupPyBulletEnv-v0"}
r,l,t
886.056384,1000,2.55476
890.752704,1000,5.01479
887.984708,1000,7.509978
885.132295,1000,9.928991
884.325984,1000,12.397811
