#{"t_start": 1596825627.925994, "env_id": "InvertedPendulumSwingupPyBulletEnv-v0"}
r,l,t
636.158826,1000,2.652408
634.096711,1000,5.210731
631.78957,1000,7.717007
698.013073,1000,10.277332
517.091847,1000,12.868684
