#{"t_start": 1596825628.017077, "env_id": "InvertedPendulumSwingupPyBulletEnv-v0"}
r,l,t
875.837169,1000,2.561325
452.160956,1000,5.119648
701.069303,1000,7.625924
637.531171,1000,10.186249
641.225142,1000,12.777601
