#{"t_start": 1597778958.682467, "env_id": "AntPyBulletEnv-v0"}
r,l,t
1099.319311,1000,3.623301
1318.836374,1000,7.121488
1087.425472,1000,10.633688
1144.159901,1000,14.185924
