#{"t_start": 1597778958.7255065, "env_id": "AntPyBulletEnv-v0"}
r,l,t
1309.826744,1000,3.580262
1122.422424,1000,7.078448
1355.49034,1000,10.590648
1009.668848,1000,14.142884
