#{"t_start": 1597778958.7415216, "env_id": "AntPyBulletEnv-v0"}
r,l,t
1300.465936,1000,3.564247
1032.657043,1000,7.062433
1152.850375,1000,10.574633
1319.772449,1000,14.126869
