#{"t_start": 1603175915.114162, "env_id": "InvertedPendulumPyBulletEnv-v0"}
r,l,t
1000.0,1000,2.345135
1000.0,1000,4.677258
1000.0,1000,6.987361
1000.0,1000,9.323488
1000.0,1000,11.693645
