#{"t_start": 1595281193.8469865, "env_id": "AntPyBulletEnv-v0"}
r,l,t
2358.873541,1000,3.835485
2450.039716,1000,7.41874
2415.461801,1000,11.131113
2389.16398,1000,14.781429
2384.046906,1000,18.37069
