#{"t_start": 1595281193.8469865, "env_id": "AntPyBulletEnv-v0"}
r,l,t
2407.585901,1000,3.835485
2368.899518,1000,7.41874
2380.141094,1000,11.131113
2442.301318,1000,14.781429
2443.174243,1000,18.37069
