#{"t_start": 1600835911.7704644, "env_id": "InvertedPendulumSwingupPyBulletEnv-v0"}
r,l,t
-482.046753,1000,8.998178
49.585564,1000,18.377704
-24.940387,1000,27.734209
61.685173,1000,37.116738
79.952377,1000,46.513279
-41.497,1000,55.942851
251.566083,1000,65.720739
86.492469,1000,75.065234
-152.574352,1000,84.545852
-9.001179,1000,93.999445
-83.005685,1000,103.722283
-30.710849,1000,113.090799
-92.802109,1000,122.626467
41.454939,1000,132.087067
