#{"t_start": 1600835911.836523, "env_id": "InvertedPendulumSwingupPyBulletEnv-v0"}
r,l,t
-523.851294,1000,8.932119
204.821034,1000,18.311646
168.419877,1000,27.66815
-13.547568,1000,37.050679
210.741663,1000,46.447221
-9.100738,1000,55.876792
161.702242,1000,65.65468
40.030093,1000,74.999175
-33.706241,1000,84.479793
92.400149,1000,93.933387
146.971541,1000,103.656225
-22.853951,1000,113.02474
-29.834114,1000,122.560409
64.812716,1000,132.021008
