#{"t_start": 1602713446.3797374, "env_id": "InvertedPendulumSwingupPyBulletEnv-v0"}
r,l,t
882.624398,1000,2.553322
884.956399,1000,5.071612
888.50804,1000,7.515834
889.695312,1000,10.07416
884.660349,1000,12.606462
