#{"t_start": 1602713446.3797374, "env_id": "InvertedPendulumSwingupPyBulletEnv-v0"}
r,l,t
885.958792,1000,2.553322
890.255301,1000,5.071612
887.772626,1000,7.515834
885.39689,1000,10.07416
882.099265,1000,12.606462
