#{"t_start": 1603389016.4284043, "env_id": "InvertedPendulumSwingupPyBulletEnv-v0"}
r,l,t
890.856997,1000,2.311101
886.832496,1000,4.599184
890.211816,1000,7.028393
886.895763,1000,9.453599
889.606543,1000,11.822754
