#{"t_start": 1603181554.209835, "env_id": "InvertedPendulumPyBulletEnv-v0"}
r,l,t
1000.0,1000,2.328118
1000.0,1000,4.666247
1000.0,1000,6.971346
1000.0,1000,9.320484
1000.0,1000,11.654609
