#{"t_start": 1603389016.4414158, "env_id": "InvertedPendulumSwingupPyBulletEnv-v0"}
r,l,t
888.885197,1000,2.29809
887.942543,1000,4.586172
889.13504,1000,7.015382
890.001386,1000,9.440588
890.753761,1000,11.809743
