#{"t_start": 1600787247.7538729, "env_id": "InvertedPendulumSwingupPyBulletEnv-v0"}
r,l,t
833.804056,1000,2.389171
833.777337,1000,4.862419
834.547278,1000,7.290627
831.003949,1000,9.751865
834.922231,1000,12.235122
