#{"t_start": 1600787247.7548735, "env_id": "InvertedPendulumSwingupPyBulletEnv-v0"}
r,l,t
886.849098,1000,2.388171
834.21755,1000,4.861419
832.279873,1000,7.289626
834.719765,1000,9.750864
833.755974,1000,12.234121
